,2021-03-08,2021-03-15,2021-03-22,2021-03-29,2021-04-06,2021-04-13,2021-04-20,2021-04-27,2021-05-04,2021-05-11,2021-05-18,2021-05-25,2021-06-01,2021-06-09,2021-06-16,2021-06-23,2021-06-30,2021-07-08,2021-07-15,2021-07-23,2021-07-30,2021-08-06,2021-08-13,2021-08-21,2021-08-28,2021-09-05,2021-09-12,2021-09-19,2021-09-27,2021-10-04,2021-10-12,2021-10-19,2021-10-27,2021-11-04,2021-11-11,2021-11-18,2021-11-26,2021-12-03,2021-12-10
Victor---Shenanigan,1.775720813500956,1.7990178981396263,1.7998396198830493,1.7867107768380912,1.7649143592725793,1.7465843265058538,1.7301006761272022,1.7219924962857522,1.7305159412869697,1.719198296388191,1.6539742548205139,1.612170052112746,1.579736121102614,1.5741387917225242,1.5846037090547866,1.5700206635743468,1.5573749709547202,1.5574555039657587,1.52855710867094,1.4245975754318025,1.1801011033849949,1.0106661580984233,1.0330126428518707,1.022142592955111,0.9949986860116959,1.0117767237845443,1.0417384212321634,1.049772565897354,1.0139233395477472,0.9975890360678447,1.0158227327086957,0.9946928275138637,0.9706620485876986,0.9504067641321684,0.9566818262183067,0.9358231071594819,0.9002076038610585,0.9268559855868488,0.9225354200879897
pretty-scone---Shenanigan,0.0003876328784381187,0.000247708811867826,0.00024277348842662098,0.00032162632073184276,0.0004508376904543984,0.0005605850871419577,0.0006595409889535587,0.0007062540668441312,0.0006532836655433918,0.000716864852597163,0.0011083995506109194,0.001359702850300212,0.001552093298090643,0.0015874817309011067,0.0015261509711647582,0.00161368252163413,0.0016899103137795206,0.001689514646184732,0.0018620924239660934,0.002485715561112952,0.00395618414060343,0.004974032296555251,0.004839169889625626,0.004904998938777713,0.005067342402301533,0.0049654457348119,0.004785998804292032,0.004742806962499037,0.004961270757832531,0.005059312475267661,0.004949769160933245,0.005076622479766804,0.0052208820124021735,0.005342404781413913,0.005304806325528822,0.0054301069065468156,0.005644084227379892,0.005483863893520133,0.0054733262327549695
Yalor--EST-,5.7296326644885065,5.7319792983185565,5.732062067474951,5.7307396450467145,5.727690628682492,5.725671460085672,5.723987938204842,5.722174213310314,5.72213985526135,5.718793445251896,5.712120267072357,5.70802200606246,5.703544622232156,5.70386995363928,5.705688574217379,5.704191886661841,5.7030571403292,5.7031094563289955,5.699702347017273,5.688846303889191,5.665225517023557,5.648263867188445,5.650189462838478,5.649367109003185,5.646289030862673,5.647413290682198,5.65068499736876,5.654036343490853,5.652007635014102,5.650330520610147,5.65215189904482,5.649996185931159,5.647539913693306,5.645433371487354,5.646110658011183,5.644020441739182,5.640467112855589,5.64306687928494,5.624307491943568
FunctionalBen,0.00756384619431882,0.004833520215042329,0.004737217683691262,0.0062758660510493095,0.00879715612086132,0.010938647400229437,0.012869565191152977,0.013781073363140843,0.012747466590917321,0.013988120690395917,0.02162810274622117,0.02653176188533639,0.030285859737423648,0.03097639110802065,0.02977964939845352,0.03148764482848069,0.03297507101854852,0.03296735039164216,0.036334845359961614,0.048503548674302496,0.07719667247138519,0.09705785383404829,0.09442629557324878,0.0957108120077445,0.0988786057039214,0.09689030501149636,0.09338877287117874,0.09254597426883128,0.09680883905364467,0.09872191844539852,0.09658440940700119,0.09905968703763464,0.1018746105841481,0.10424587366589741,0.10351221830981774,0.10595719750430108,0.11013251810758726,0.1070061528534307,0.10680053240761928
Fluchtzwerg,0.00407961457568303,0.002606993719141997,0.002555052259667309,0.003384933267961673,0.00474480911076446,0.005899837757905672,0.006941292087082016,0.007432920542865389,0.006875437333244476,0.0075445930005576724,0.011665271998011617,0.014310095647802574,0.01633489519058265,0.01670733822711211,0.01606186702155733,0.01698308658003704,0.01778534054043766,0.017781176365062934,0.019597458875753586,0.02616073609384861,0.041636577756570044,0.0523488480613606,0.05092949828061276,0.051622311412218895,0.05333088361261435,0.052258479404851586,0.05036990298620472,0.04991533352852796,0.05221454015747194,0.05324637321839534,0.0520934924214207,0.05342855112586383,0.05494680028571786,0.05622575799883867,0.0558300557321217,0.057148772758196055,0.05940076180632212,0.05771453433261359,0.057603631473639436
shani,0.00020729614493596228,0.00013246833440385065,0.0001298290497087645,0.00017199752679981144,0.00024109646116602266,0.0002997865607823291,0.0003527056450634661,0.0003776866038609404,0.00034935938861130035,0.00038336098058101544,0.0005927437187892626,0.0007271342933070364,0.0008300197820461619,0.0008489446104211255,0.0008161464893985599,0.0008629561228994111,0.0009037207956804944,0.0009035092027748404,0.0009957993825445177,0.0013292970795002002,0.0021156660505896796,0.0026599852004748816,0.0025878642360047345,0.0026230679271080585,0.002709885057480585,0.002655393326960893,0.002559429700069273,0.002536331808238095,0.002653160656098435,0.002705590857966484,0.002647009896370735,0.0027148478054575082,0.002791994112308643,0.0028569813797447267,0.002836874687577828,0.002903882232211101,0.003018311828305085,0.002932630093351885,0.002926994822004256
tbull666,0.009778184068007532,0.009906471792132217,0.009910996685008836,0.009838701399107174,0.009718677248149272,0.009617741091404971,0.009526972223748709,0.009482323721380878,0.009529258922839222,0.009466937180482428,0.00910777447919567,0.008877575460416958,0.008698974778905064,0.008668152525456406,0.008725778638273993,0.0086454756413751,0.008575840871561052,0.008576284334632218,0.008417152433764497,0.007844688877608808,0.006498344627164024,0.0055653341730609075,0.005688387323945212,0.005628530308185293,0.005479059672711753,0.005571449613965773,0.005736436694370129,0.005780677514643193,0.005583270168129635,0.005493323694092263,0.005593729366334702,0.005477375432335771,0.005345047547315173,0.005233509799798694,0.005268064056104032,0.0051532034356566525,0.004957083108475205,0.005103825084831031,0.005080033459253116
reelitin,0.30873459022442457,0.30709425823786785,0.3070364013651865,0.30796079433225243,0.3094287659937108,0.31070586406205597,0.31186465524515916,0.31235763542085726,0.31168773064412164,0.3123121786501111,0.31689648009244326,0.31984867935670475,0.3220377423398735,0.3225013271548886,0.32182424286386707,0.32284885373231864,0.32375009126740767,0.3237478753046084,0.3257438106496223,0.33303347966807684,0.35032696244812617,0.3622649628849268,0.3606661425759215,0.36145279357697546,0.3633370985835653,0.3621115593714566,0.360021807195392,0.35965477909390003,0.3623025436254008,0.36345014456120833,0.3621651315340687,0.36365073493509414,0.3653399332746649,0.3667609133244281,0.3663226242503073,0.36779211726836375,0.3703024452143621,0.36841955278572214,0.36729182704023067
abdullah,9.059875112036046e-05,5.789526700407593e-05,5.674176799761951e-05,7.517149500617809e-05,0.00010537117459626602,0.00013102167441626756,0.0001541499527920434,0.00016506787733685106,0.00015268747187813963,0.00016754786288788028,0.00025905855930574527,0.000317793941082475,0.0003627600295307296,0.0003710311231223085,0.00035669670892151957,0.0003771548526891666,0.00039497104722060463,0.00039487857057081405,0.0004352139807174393,0.000580969102478315,0.000924651551192054,0.0011625461594382898,0.0011310257020143964,0.0011464114702821728,0.0011843548849560647,0.0011605392817619175,0.001118598392064973,0.0011085034616741334,0.0011595634932740804,0.0011824781056596653,0.0011568753045962678,0.001186523853264536,0.0012202406358724327,0.0012486433120063904,0.0012398556850100211,0.0012691413230101474,0.001319152761961532,0.001281705571696688,0.001279242677143211
pzoisme,0.00909384603796622,0.005811235121360213,0.005695452704495258,0.007545335819494569,0.01057662745643251,0.01315129535500085,0.015472795376486926,0.016568681618149485,0.015325998912959122,0.016817610069133092,0.026002992580041805,0.03189855418827142,0.03641202352665949,0.03724223421673294,0.035803417961824145,0.03785690332828799,0.03964520314531431,0.039635920805272055,0.04368458599343046,0.05831475053926983,0.09281186265069259,0.11669052448544028,0.11352665982599977,0.11507100570353958,0.1188795744413214,0.11648908421854613,0.11227926908442093,0.11126599084820858,0.1163911394879149,0.11869119279413924,0.1161213126563667,0.11909728454896143,0.12248160526133474,0.12533252274788254,0.12445046503786077,0.12739000978658424,0.1324099059809241,0.12865114574845118,0.12840393280566667
ahmad097,9.023625577541354e-05,5.766362181555053e-05,5.651473808264999e-05,7.487072577177388e-05,0.00010494957319657343,0.00013049744260870162,0.00015353318225580634,0.00016440742301055032,0.0001520765528852938,0.00016687748587272723,0.00025802203815445215,0.000316522413353117,0.00036130858764646997,0.00036954658770323206,0.00035526952703498154,0.00037564581556963345,0.00039339072559104837,0.0003932986189502773,0.00043347264278380363,0.0005786445826300599,0.0009209519209117227,0.0011578946872505278,0.0011265003465660537,0.0011418245547206217,0.0011796161537125027,0.0011558958393075298,0.0011141227596199958,0.0011040682201311168,0.001154923955054355,0.0011777468836118704,0.0011522465221084925,0.0011817764437455512,0.0012153583218808058,0.0012436473558535275,0.0012348948890976684,0.0012640633521111908,0.001313874689917805,0.0012765773298877541,0.0012741242896402106
borisblock,0.005172696770772813,0.004571835590094915,0.004550642350485774,0.00488925176257651,0.005443571094653502,0.00591473853892974,0.006339659794081442,0.0065396247228462845,0.006311595192208958,0.006583230711787928,0.008264491582223024,0.009343707991749153,0.010169105028355375,0.010321631784743868,0.010058748749074862,0.010434608703971456,0.01076203353792121,0.010760362401602741,0.011501131325573101,0.014178847429804194,0.020493961871282444,0.024864866318488863,0.024285535305632613,0.02456839030994649,0.025265307355723684,0.024827385682089448,0.024056966013988764,0.023873098458922937,0.024812224522661873,0.025233214634306608,0.02476280468736304,0.025307520233697617,0.02592697616426878,0.026448776690107617,0.02628735018158447,0.026825422100261613,0.02774430391960106,0.02705623325462861,0.026999401470711008
probspot,0.003430216079408056,0.003475219794926455,0.003476807140817576,0.003451445739309841,0.0034093409098579046,0.0033739322055985153,0.003342090216617874,0.0033264273890745966,0.0033428923974660246,0.0033210297447237385,0.0031950343999328414,0.003114279898873465,0.003051626248128662,0.0030408137098651314,0.0030610291217868,0.003032858591423347,0.0030084305068791488,0.0030085860750446434,0.002952762130505783,0.0027519402108586418,0.002279638639915181,0.0019523357951680106,0.001995503206811058,0.001974505187496118,0.0019220704436178357,0.00195448111004229,0.0020123590689926922,0.0020278788804435097,0.0019586277956311873,0.00192707430478021,0.0019622969134971643,0.0019214796070801824,0.0018750585910924755,0.0018359308172306832,0.0018480525532060122,0.0018077591056283096,0.0017389595110289772,0.0017904370331659112,0.0017820908600886794
xyo,0.007240067669674585,0.0046266162135781075,0.004534436015061329,0.006007220893721838,0.008420584445988177,0.010470406901168267,0.012318669691250552,0.01319115978122757,0.012201797652162468,0.013389344226236236,0.020702288680450622,0.025396041446454565,0.028989441125589575,0.02965041356245781,0.028504899661488226,0.030139782520711315,0.03156353784215426,0.03155614770493858,0.034779493450154006,0.046427302406686556,0.07389218635703207,0.09290318861318125,0.09038427701775642,0.09161380835269332,0.09464600125226812,0.09274281189714471,0.08939116658440933,0.08858444487747062,0.09266483317673338,0.09449602115939769,0.09245001048110528,0.09481933120585488,0.09751375893985949,0.09978351756971648,0.09908126711567822,0.10142158636123631,0.10541817790127635,0.10242564005496026,0.10222882141220924
Farrar1983,0.005912756041145762,0.003778425038964648,0.00370314410921077,0.004905925365673729,0.006876850303697847,0.008550881632977821,0.010060304952798138,0.01077284263693601,0.009964858903577695,0.010934694200754167,0.016906966625959686,0.020740220165713114,0.023674846833644757,0.0242146441045312,0.023279135688422877,0.02461429772605497,0.025777037946458678,0.02577100263291459,0.028403416844670244,0.03791584903675016,0.06034563366113498,0.07587137507224173,0.0738142520683583,0.074818375118047,0.07729468027193044,0.07574039999854511,0.07300320720217657,0.07234438067404832,0.07567671700948629,0.07717219582280221,0.07550127746260601,0.07743623388398774,0.07963669589463943,0.08149034280278122,0.08091683495672836,0.08282810670013256,0.08609200862073792,0.08364808861384687,0.0897635542984371
Merlo,0.1473253651927092,0.14925824308444863,0.1493264184727282,0.14823716413643265,0.1464287913599708,0.14490801244539134,0.1435404214404991,0.1428677140266379,0.14357487454306422,0.1426358890025689,0.13722447766456847,0.133756128708085,0.13106519852673404,0.1306008076220626,0.131469045329232,0.13025914088665702,0.1292099718567417,0.12921665339990498,0.12681905429089946,0.11819389425263692,0.09790887435606432,0.0838514476474499,0.08570545758079305,0.08480360743716278,0.0825515721099926,0.08394358741065722,0.0864294049922855,0.08709596996568165,0.08412168463677397,0.08276648442340219,0.08427927066547494,0.0825261960967433,0.08053244614785213,0.07885193581266617,0.07937255583717587,0.07764198063671132,0.07468708649453058,0.07689800982194625,0.07653954756531287
Shaz,0.19935754596631908,0.20197307515673166,0.20206532863993154,0.20059137287452067,0.1981443213539888,0.19608643572125126,0.19423584070481062,0.19332554736187335,0.19428246190930806,0.1930118466774629,0.18568924012463373,0.18099594419684192,0.17735463479557814,0.17672623091547726,0.17790111168628212,0.17626389476705037,0.17484418158436668,0.17485322290625008,0.17160884286376962,0.15993746002656706,0.13248820319853244,0.11346599281700712,0.11597479956610289,0.11475443516226566,0.11170702892867622,0.11359067438188836,0.11695442978235941,0.1178564113057009,0.11383167175457841,0.11199784369328405,0.11404491381183929,0.11167269064808774,0.1089747906865875,0.10670075989796204,0.10740525182527826,0.10506347432740136,0.10106497451710153,0.10405674886835958,0.10357168537837262
anh,0.0011223287983172406,0.0011370535167572206,0.0011375728787930966,0.0011292749084556915,0.0011154986735048313,0.0011039133367267853,0.0010934949897768052,0.00108837028567422,0.0010937574544864607,0.00108660423608498,0.0010453799514803972,0.0010189579710469317,0.000998458388827395,0.000994920645782892,0.0010015349051893869,0.0009923178189304275,0.0009843252195906175,0.0009843761197753857,0.0009661111419602157,0.0009004044288740149,0.0007458725736528728,0.000638782699450459,0.0006529065995530341,0.0006460362796550395,0.0006288802108463538,0.0006394846227722333,0.0006584216514066127,0.0006634995622240305,0.0006408413724772811,0.0006305174189275085,0.0006420418673003701,0.0006286868956598011,0.0006134984521670113,0.0006006962769096693,0.0006046623749792283,0.0005914788041623876,0.000568968337024496,0.0005858112134564274,0.0005830804378482816
F-THV,0.0018890585944186802,0.0016303938220752615,0.00162127034285077,0.0017670383327098808,0.002005719234856905,0.0022085626583548366,0.0023914884501356755,0.0024776320298658438,0.002379521909113073,0.0024965925528009376,0.0032203649549897317,0.003684950056893253,0.004040348934122299,0.00410595608924851,0.003992741035051038,0.0041545467045104685,0.004295491386480922,0.004294769289289466,0.00461369315177891,0.005766446746357191,0.008484979571159663,0.010366604152033086,0.010117227695250338,0.010238977382977672,0.010539014180164685,0.010350527669754856,0.01001885421152844,0.009939546381216306,0.010343734554741938,0.0105249685537143,0.010322462669402496,0.010556958969057183,0.010823630770952549,0.011048264750289926,0.010978769489675778,0.011210403450456916,0.011605970875546582,0.01130976842336082,0.01128641783805368
Hoang-Trung,0.00017379686406120856,0.00011106130851547121,0.00010884853507719815,0.00014420254073381494,0.00020213501268850876,0.0002513407288290816,0.0002957080319446006,0.0003166520408241892,0.00029290253414863027,0.0003214094321387052,0.0004969556937461455,0.0006096286062973585,0.0006958876889531823,0.0007117542446263778,0.0006842563353787998,0.0007235014815575462,0.000757678539196617,0.0007575011399330097,0.0008348771269904153,0.001114481235983557,0.0017737721321679028,0.0022301287196371737,0.0021696625809067426,0.0021991773175123234,0.0022719647058653454,0.002226278897841677,0.0021458230966840837,0.0021264578491155682,0.0022244070290015883,0.002268364453629904,0.002219250238687912,0.0022761254684100698,0.002340804848765999,0.0023952901036065444,0.0023784326746064508,0.0024346117276674802,0.0025305493774634706,0.002458713903403931,0.002453989297991445
sommi,0.15557156369948602,0.09941480547185168,0.09743407569422119,0.1290806647897719,0.18093801733552456,0.22498374994578607,0.26469845227999783,0.28344615655610034,0.2621871544989236,0.2877046615062756,0.4448421712501246,0.5456995790454363,0.6229130572318067,0.6371157581259647,0.6125014317212853,0.6476311148235779,0.6782241771798996,0.6780653809841938,0.7473272941052059,0.9976105698583582,1.587764576412307,1.9962650882060755,1.942139763195319,1.9685594212870294,2.03371392154138,1.9928189800157754,1.9208002191342586,1.9034657185266952,1.991143405694766,2.030491211666806,1.986527384933388,2.037438363514264,2.095335106332028,2.1441067360153077,2.129017070251408,2.179304877106097,2.265181974354293,2.2008795653959785,2.1966504082368217
Daniel-Derzic,0.00661753433212211,0.004228799098542409,0.004144544964982076,0.005490693225334491,0.007696545006238149,0.009570114576413003,0.011259455481247816,0.01205692497853481,0.011152632621791685,0.0122380686402758,0.018922213485684517,0.02321237643618085,0.026496799570140492,0.027100938646337627,0.02605392114409237,0.027548229477041004,0.028849563960371007,0.028842809260142346,0.03178899734932378,0.0424352756965147,0.06753860632288851,0.08491495774085428,0.0826126334087043,0.08373644415089458,0.08650791556940066,0.08476837093077651,0.0817049150436136,0.08096755887020438,0.08469709716883941,0.08637083143441915,0.0845007458875396,0.08666634183984147,0.08912909064948053,0.09120368530024907,0.09056181747506127,0.09270090562481374,0.09635385238364871,0.09361862629990389,0.09343873100264556
khoapham91,0.0012075422472170327,0.0007716550168385339,0.000756280646163506,0.0010019206102061223,0.001404435970588985,0.0017463177494419376,0.0020545821890592406,0.002200101359872846,0.0020350895639684027,0.0022331557595011275,0.0034528528373341423,0.004235705294180905,0.004835034212316097,0.004945275190464339,0.004754219458210757,0.005026895103223284,0.005264357621362937,0.005263125049609769,0.005800734135922335,0.007743426116749936,0.012324185468471006,0.015494955333287791,0.015074836032301057,0.015279904700019767,0.01578563215934787,0.015468206735219404,0.014909199071552524,0.014774649149187044,0.015455200972901048,0.01576061757293162,0.015419371545267586,0.015814541176668365,0.01626393412012273,0.016642498183552394,0.01652537260820309,0.01691570519761016,0.017582280891326765,0.017083167341468888,0.01705034073859648
tuanairdrop,0.00026040978981203665,0.00016640951586202347,0.0001630939907570398,0.00021606692114783645,0.00030287046001779215,0.00037659820111906174,0.000443076271026987,0.000474457878397269,0.00043887263308844813,0.00048158615012391167,0.0007446171624175663,0.0009134414368569363,0.0010426883579974188,0.001066462126587643,0.001025260435141068,0.0010840636841108005,0.0011352731259166653,0.001135007318445407,0.0012509441889692705,0.0016698910304257578,0.002657744318963172,0.003341529516493305,0.003250929639662435,0.003295153258985681,0.003404214769412601,0.0033357611081276275,0.0032152095758443463,0.0031861935169170737,0.003332956379895987,0.003398820305404486,0.0033252296657867134,0.003410449078101554,0.00350736189603208,0.003589000272176109,0.0035637418213611415,0.003647918112334433,0.0037916669846365016,0.003684031781884486,0.003676952635151568
juanospy94,0.013890034623210415,0.014072268964211916,0.014078696631996181,0.013976000260432215,0.013805504430037563,0.013662123337785551,0.01353318500877821,0.013469761244258093,0.013536433293870737,0.013447904467547357,0.012937709290043875,0.01261070866100817,0.012357004125209358,0.012313220722832226,0.012395079347774271,0.01228100792106401,0.012182090846383341,0.012182720791306627,0.01195667190560997,0.011143480155462342,0.009230981053034533,0.007905627856451653,0.008080426419701282,0.00799539876880365,0.007783073833269503,0.007914314917905394,0.00814868116047766,0.008211525807405778,0.00793110616518195,0.00780333605675226,0.00794596358903376,0.007780681348430448,0.007592707907577963,0.007434267121024589,0.007483351880845257,0.007320190911102679,0.007041599496181529,0.0072500483367929,0.007216252030574763
Sang-discord,0.00018596687371188862,0.00011883830267328539,0.00011647058124878696,0.0001543002276044195,0.00021628938232254964,0.0002689406959630204,0.0003164147899289217,0.0003388253890808111,0.0003134128390183549,0.00034391591355352556,0.0005317546852096569,0.0006523174434178983,0.0007446167608849237,0.0007615943615514157,0.0007321709295234111,0.0007741641909245904,0.0008107344742616396,0.0008105446527327527,0.0008933388417485544,0.001192522042247156,0.001897979344324437,0.0023862919978807026,0.0023215917580583813,0.00235317324443685,0.002431057521180172,0.0023821725948781013,0.002296082929831018,0.0022753616436994957,0.0023801696496692205,0.0024272051636798466,0.002374651758548444,0.0024355096383508676,0.0025047181492373364,0.002563018697758875,0.0025449808385207278,0.002605093792355007,0.0027077494121799015,0.0026308837068944532,0.0026258282641347217
cheo0202,0.017491404961285987,0.011177522294592535,0.010954822555414382,0.014512949068708043,0.020343435900800812,0.025295637495886723,0.029760887602818205,0.03186875153238045,0.029478534418067817,0.03234754876782536,0.05001501801591371,0.06135473667106011,0.07003609323334353,0.07163294799893304,0.06886548111259909,0.07281522294646532,0.07625489810274239,0.07623704414216403,0.08402438099206055,0.11216452451913922,0.17851741365060358,0.22444642348224414,0.21836094130342426,0.22133138736459188,0.22865691474182182,0.2240589665944714,0.21596166859583465,0.2140126956426911,0.223870576452375,0.2282945752361407,0.2233515825788999,0.22907566558068565,0.2355851802405829,0.24106872945179997,0.23937215040913717,0.24502616823471754,0.2546816030015077,0.24745187895471,0.2683065247048484
mAcKz88,0.11101602349163296,0.11206905042861123,0.11210619220596002,0.11151276922655629,0.11052284340015897,0.10969336928145486,0.10894818076143628,0.10857616760263679,0.10895647984225905,0.10843269843093561,0.10548400254447199,0.10359507835718448,0.10212236020615681,0.10187428737647604,0.10235153684840102,0.10169223004022228,0.10112141560586449,0.10112530060282422,0.09981634516706335,0.09511524937850079,0.08406959871855559,0.07641172997137952,0.07741998761977933,0.07693017199466774,0.07570136318233407,0.07645659516791571,0.07781226822336004,0.07818949536384928,0.0765778786766322,0.07583939278278663,0.07666347043738563,0.07570824824103914,0.07462186037106397,0.07370595531456856,0.07398983831922841,0.07304708526076714,0.07143745538846065,0.0726414929814876,0.0723446801356293
diegoleal88,0.06871341245809014,0.06826529135933906,0.06824948548249904,0.06850201972280787,0.06890545718124653,0.06925483336856916,0.06957146795960627,0.06970895219976248,0.06952845556842731,0.06970526079307028,0.07095793387606138,0.07176412618316014,0.07236556295988025,0.07248970578994711,0.07230258091450817,0.0725825718552973,0.07282838886293412,0.07282765901785777,0.07337432452364721,0.07536686671706055,0.08008842664802816,0.08334946479546056,0.08291360016911697,0.08312773735528735,0.08364347779042801,0.08331026658872182,0.08273865416493886,0.08263122812992661,0.08335011375069393,0.08366371560222023,0.08331270673723494,0.08371863471832607,0.08418020620379671,0.084568589386097,0.08444872618145431,0.08485014547014773,0.08553584412421615,0.08502169585391554,0.09608194800385457
unstatesloth,0.007669975154026381,0.007770603619369171,0.007774152930334981,0.007717444747837865,0.00762329820188132,0.007544124215281428,0.007472925416522826,0.007437903279340299,0.007474719095705688,0.0074258341276883435,0.0071441080959463625,0.006963540749061294,0.006823446966804692,0.006799270093420217,0.006844471825199856,0.006781482420753733,0.006726861138252255,0.006727208989214551,0.006602386453927883,0.006153347939029643,0.00509727997407243,0.004365429668162208,0.004461952151615477,0.004415000506966565,0.004297756236213928,0.004370226599726392,0.004499641918423152,0.004534344271122603,0.004379498603210176,0.0043089448872788,0.004387702763594759,0.004296435123648718,0.004192637569498189,0.004105147730256313,0.004132251974304544,0.004042155684555831,0.003888319550339169,0.004003423469929349,0.003984761397729915
Pepo,0.005774401759259385,0.005836195791158474,0.005838375355701111,0.005803551936440675,0.0077445787881545046,0.00810074061559986,0.00811130568540738,0.010424637399058174,0.012538249150700459,0.017675287868068122,0.017744403451234257,0.017369994675439294,0.020118575485324718,0.018021539772949385,0.01625891070970135,0.016285305701402308,0.015926226552134628,0.01582292166120978,0.016908460057782234,0.01753329355627282,0.014527764492424702,0.01383259927470905,0.01465363862776893,0.013986546062173356,0.014720060086862104,0.016089411222361696,0.015574598319189344,0.009642766027423404,0.005842304633263672,0.005873489170286035,0.0059575377104088886,0.005965591696740237,0.005985538941996819,0.006087072057977564,0.005997815463548883,0.005917175022925158,0.005742859912166684,0.00601126765684391,0.00609063441067688
Willydmq,0.0007069884745026179,0.00045178643186544724,0.0004427850881070601,0.0005866016906777811,0.0008222652637385129,0.0010224292562187266,0.00120291106247496,0.0012881092216462026,0.0011914985745816516,0.0013074618195554322,0.002021566670462135,0.002479908948342906,0.002830802375495644,0.0028953459565987686,0.0027834871781566564,0.00294313255598564,0.0030821614502856256,0.003081439807605632,0.0033961976793793346,0.004533599574111488,0.0072155298118324485,0.009071943328537169,0.008825973049320649,0.008946036082223113,0.00924212798775145,0.009056282633777182,0.008728996382482913,0.008650220468367406,0.009048668056247999,0.009227482517308079,0.009027690742664757,0.009259053558763056,0.00952216288870763,0.009743803523080855,0.00967522916716719,0.00990376000537973,0.010294024887562795,0.010001805275345627,0.009982586047247104
sanchote,0.1104675930629761,0.11191690471481419,0.11196802402505333,0.11115127868994701,0.10979532353779077,0.1086550121864171,0.1076295642847105,0.10712515441104303,0.10765539793059316,0.10695132723344081,0.10289373956141519,0.10029310008141767,0.09827538521035303,0.09792717534566145,0.0985781978602981,0.09767098659065263,0.09688429804384767,0.0968893080025213,0.0950915388108052,0.08862421617451974,0.07341409047567743,0.06287354240964298,0.06426371724194947,0.06358749143018907,0.061898868960053886,0.06294263070176152,0.06480654792115487,0.06530635206645492,0.0630761716699076,0.06206001463887776,0.0631943329197927,0.061879841502687556,0.060384886728705844,0.059124805468410854,0.05951517708522474,0.05821755615783228,0.05600191567246428,0.0576597115184608,0.057390929135722996
nicoll16,4.592080912964545e-05,2.934474783291519e-05,2.876008626692578e-05,3.810136267312219e-05,5.340834764900258e-05,6.640953907546568e-05,7.813231939702162e-05,8.366616973065285e-05,7.739104751332967e-05,8.49231731851685e-05,0.0001313062101648176,0.00016107677788647262,0.0001838682528174665,0.00018806053257204876,0.0001807950030767777,0.00019116440114776094,0.00020019470298280402,0.00020014783034348545,0.00022059220344580822,0.000294469525630498,0.00046866813138860756,0.0005892471985739179,0.000573270765221997,0.0005810691831825149,0.0006003011514096707,0.0005882299941910363,0.0005669718690327517,0.0005618551608450312,0.0005877354068336305,0.0005993498885855957,0.0005863728737120172,0.000601400512918189,0.0006184901738622572,0.0006328863311314218,0.000628432241676406,0.000643275936277197,0.0006686246934508412,0.0006496442411230942,0.0006483959003976638
llealg2,0.02267240194166025,0.0227426598605657,0.022745137958598467,0.022705544799013,0.02263714962764025,0.022581331786342283,0.022531549083100056,0.022503986440516103,0.022526905270117754,0.022485890612335604,0.022288869396441795,0.02216314991730674,0.0220615613664333,0.022047455193822448,0.022081399817808694,0.022037334469460938,0.021999632048781602,0.02200001282351823,0.021911314536743224,0.02159659999317489,0.020862402568199205,0.020351758442649144,0.020418134768644545,0.020386203834866508,0.020303271795953388,0.020352104998838882,0.020443253358976326,0.020475413066308647,0.02037223749841471,0.020322878244692536,0.020377818769019552,0.020314011102774743,0.02024142906463678,0.02018013758284216,0.020199202612132632,0.020136331890132572,0.02002903121298832,0.020109132357693797,0.020038934853465695
My-name-is-Sylar---,0.0002740312381899603,0.00017511402206183237,0.00017162506932152127,0.00022736889414476757,0.00031871293022334065,0.0003962972030631318,0.00046625259077146854,0.0004992756991971414,0.0004618290700196891,0.0005067768347297815,0.0007835664056334526,0.0009612214968438672,0.0010972290327277176,0.0011222463534971213,0.0010788894945603848,0.0011407686087687998,0.0011946567008993103,0.0011943769896391393,0.0013163782561984928,0.0017572392613971065,0.0027967649259403806,0.0035163173838967357,0.003420978431986589,0.00346751528902694,0.0035822815609198974,0.0035102472431083544,0.0033833899322479252,0.003352856108765434,0.003507295805872997,0.0035766049246744556,0.0034991649247873347,0.00358884197222596,0.003690824080936808,0.003776732776284681,0.0037501531129141845,0.0038387324756881387,0.003990000527068923,0.0038767351697862646,0.003869285728864899
Lewiii,0.00033699604894266014,0.00021535038829546618,0.0002110597705680906,0.0002796119868864492,0.0003919443598534182,0.0004873553559858178,0.0005733845598666515,0.0006139954666259105,0.0005679446362082685,0.0006232201559488512,0.0009636083262873411,0.0011820836512463006,0.0013493419628243122,0.0013801075730157165,0.00132678850525996,0.0014028857310289867,0.0014691558185306584,0.0014688118373475459,0.0016188456257144107,0.0021610043148702573,0.003439384269066337,0.004324270010341491,0.0042070248002104415,0.004264254541813609,0.004405390933544962,0.004316805118835976,0.00416079950129459,0.004123249848413121,0.0043131755228322955,0.004398409963059135,0.0043031763898196155,0.0044134587461935664,0.004538873527097388,0.0046445216681388225,0.004611834732163027,0.004720767186250572,0.004906792458344705,0.0047675018499510925,0.004758340733233473
Juan-david,0.00016480862217214018,0.00010531755755169116,0.0001032192219832631,0.00013674482667127983,0.00019168120848376565,0.00023834215558385375,0.0002804149175721665,0.00030027576641343464,0.0002777545115357377,0.000304787120009567,0.0004712546662410289,0.0005781004806001854,0.0006598985075043552,0.0006749444934790845,0.0006488686919380866,0.000686084199269597,0.0007184937240893852,0.000718325499372746,0.0007916998371953733,0.001056843677423696,0.0016820380662736023,0.002114793287757357,0.0020574542726602713,0.002085442597420989,0.002154465644820424,0.002111142566962414,0.002034847693598826,0.002016483957365557,0.0021093675054497203,0.00215105158661172,0.0021044774085482694,0.0021584112254607055,0.002219745586221405,0.002271413030438383,0.0022554274160725704,0.0023087010604500835,0.0023996771086240132,0.002331556745424217,0.0023270764821436054
joche,0.014307427800773022,0.014495138252721326,0.014501759070829083,0.01439597669076953,0.014220357489674946,0.01407266781999164,0.013939854916131617,0.013874525278276827,0.013943200811638601,0.01385201170914404,0.01332648525334702,0.012989658311035601,0.01272832999709428,0.012683230910923809,0.012767549373620209,0.012650050119942248,0.012548160603994434,0.012548809478655502,0.012315967862397342,0.011478339838491645,0.009508370463375382,0.008143190628693984,0.00832324185903389,0.008235659141691028,0.008016953877963149,0.008152138734866636,0.008393547643159631,0.008458280761037296,0.008169434556267454,0.00803782497781471,0.00818473844317858,0.008014489499361671,0.007820867488588151,0.007657665583351566,0.007708225331854926,0.007540161402727261,0.00725319836317954,0.0074679110559915845,0.007433099176520756
JuanBerbesi,0.0015091087132340709,0.0009643648594536638,0.0009451509588223222,0.0012521360029560127,0.0017551738378344757,0.002182435718362474,0.0025676848083043173,0.0027495453180492314,0.0025433241779113155,0.0027908545828842493,0.004315153622446643,0.005293512322961585,0.006042515096599872,0.006180287187855788,0.005941518009450906,0.006282290510556753,0.0065790559082204315,0.006577515519238863,0.007249384812704903,0.009677236427961861,0.015401975141528594,0.019364599589396056,0.018839561480644126,0.019095843125430327,0.019727868809958284,0.019331170910188492,0.01863255904965233,0.018464407201818703,0.019314917144092843,0.01969660718709936,0.019270139827558815,0.019763997442335278,0.020325619868545093,0.020798724911416794,0.02065234889293003,0.021140161483413713,0.021973204956415263,0.02134944491098446,0.021308420331898472
jesiigh,0.0008125344474211859,0.0005192334132836292,0.0005088882631990898,0.0006741751779285043,0.0009450208536644739,0.0011750672333285129,0.0013824930825535034,0.0014804104343635314,0.0013693768297735494,0.0015026521724051634,0.0023233653966772765,0.002850133375108077,0.0032534115150181504,0.003327590776629321,0.0031990326543846646,0.0033825114146980896,0.0035422958664673935,0.003541466490095117,0.0039032144147597174,0.005210418497092431,0.008292732823732421,0.010426289430920511,0.010143598365771486,0.01028158555172066,0.010621880876921837,0.01040829075849238,0.010032144098490563,0.009941607765644438,0.010399539404307472,0.010605048991165426,0.010375430397562021,0.010641333258375268,0.010943722054979451,0.011198451314184458,0.011119639525309437,0.011382287623606036,0.011830814964331922,0.0114949700252676,0.011472881567752249
Angeles,0.0001217256932526891,7.778629865171412e-05,7.623649289290553e-05,0.00010099810680957296,0.00014157346671965458,0.00017603668872058113,0.000207111131626448,0.00022178011897630343,0.00020514618728767605,0.0002251121512253423,0.0003480631061088433,0.00042697815710922125,0.00048739320943101254,0.0004985059961851619,0.00047924671849772265,0.000506733650734478,0.0005306709413002493,0.0005305466925201476,0.000584740108014438,0.0007805722030717116,0.0012423333621508679,0.0015619612350713165,0.0015196113187190697,0.001540283163368807,0.0015912627673748028,0.0015592648559997636,0.0015029143676005055,0.0014893511298630438,0.0015579538166236007,0.0015887411844819766,0.0015543420490621912,0.001594176926430274,0.0016394777576938752,0.0016776387190745074,0.0016658319339372817,0.0017051792157025325,0.0017723730456575876,0.001722060153493127,0.0017187510841823151
Ismary-Mujica,0.014503047299574402,0.01447063866836221,0.014469495569242527,0.014487759134795298,0.014515470214337377,0.014540440627919647,0.014563300189438973,0.01457153080182103,0.014556943505038153,0.014565940663445942,0.014656357842701409,0.01471485586766868,0.014756273518983303,0.014766778779465294,0.014754558790525747,0.014774760328695334,0.014792776850199004,0.014792799988989403,0.014831483097337393,0.014974925532789703,0.015318122828061626,0.01555414507921899,0.0155220641589731,0.01553801891538561,0.015574727080229642,0.015549657200649143,0.015508753392445332,0.01550535034254153,0.015560058550819359,0.015582683949046109,0.015557272414043439,0.01558658257895944,0.015619902579984723,0.015647877027387545,0.015639286052351854,0.015668335720841853,0.015717984794193157,0.015680655988096936,0.015630634257688097
Leidy-duran,5.964338874924365e-05,3.811387987101448e-05,3.735450307152031e-05,4.948724617140694e-05,6.936843887682631e-05,8.625479452144555e-05,0.00010148070968262175,0.00010866824825140154,0.00010051792248514224,0.00011030088380634466,0.0001705446286005059,0.00020921157671318762,0.00023881385997522923,0.00024425892455242796,0.00023482222671611315,0.00024829032651586266,0.00026001916607855174,0.00025995828642286684,0.00028651208013398907,0.0003824662658360432,0.0006087208845966639,0.0007653327630775204,0.0007445820698015206,0.0007547108999084792,0.0007796899840998517,0.0007640115860861838,0.0007364008656540581,0.0007297551244020898,0.0007633692004970074,0.0007784544540755694,0.000761599499696948,0.0007811178693455885,0.0008033144575721186,0.0008220126386532902,0.0008162275274166959,0.0008355069840362544,0.0008684307457702741,0.0008437783383263148,0.0007890368141775492
sappu7,0.00018907087736370822,0.00012082185231366588,0.0001184146108617485,0.00015687567806180972,0.00021989950394893728,0.00027342962931835237,0.0003216961211887605,0.0003444807793341602,0.0003186440642221903,0.00034965627058745007,0.000540630290051625,0.0006632053810709864,0.0007570452816147695,0.0007743062582041669,0.000744391714836594,0.0007870858926651958,0.0008242665766115607,0.000824073586740339,0.0009082497071718003,0.0012124266236391364,0.0019296588294836503,0.002426121989792084,0.0023603418276337386,0.002392450445791604,0.002471634701797927,0.002421933829156964,0.002334407227362188,0.0023133400788384086,0.002419897452460428,0.002467718043965449,0.0024142874613121176,0.0024761611299880014,0.002546524811503737,0.0026057984640620426,0.0025874595319509224,0.002648575840976903,0.0027529449026232155,0.0026747962192183662,0.002669656395232696
joelmonges,0.001627860973719099,0.0013388415409772583,0.0013286474091432035,0.001491521469492885,0.0017582861503036753,0.0019849485602239413,0.0021893429573740177,0.0022856823365164495,0.002176136536668271,0.0023071375230898274,0.003115854588380041,0.0036349495900907893,0.004032160304951583,0.00410538919970342,0.003978821697150797,0.004159617897874785,0.004317090535664194,0.0043162798539127705,0.004672673035143609,0.005960737275507515,0.008998206041165168,0.011100632678955408,0.010822019856069757,0.010958033324153205,0.011293309767672309,0.011082753325826023,0.010712135462976448,0.010623299605822012,0.01107478216113584,0.011277286982557696,0.011051018084819446,0.011313035223119593,0.011611004429942796,0.011862005277677015,0.011784350720390241,0.012043166298965183,0.012485151129513804,0.012154196264524337,0.008749674496550982
shax,0.24581243299289127,0.24903744055778107,0.2491511912214317,0.24733376990906883,0.24431649918071366,0.241779078930317,0.23949725277083642,0.23837484017150376,0.2395547377867711,0.23798804002259194,0.22895909795834352,0.2231721562844074,0.2186823381595607,0.2179075017423033,0.21935615671720401,0.21733743065242053,0.21558689169039638,0.21559803984793843,0.21159764473908993,0.19720656163411965,0.16336099751443553,0.13990617521452944,0.14299959155808942,0.14149485421899802,0.13773733234057922,0.14005991044769686,0.1442074981147444,0.14531966204961078,0.14035706574341789,0.1380959136247338,0.14061999809773448,0.13769499245193675,0.13436841983441547,0.13156448764241704,0.13243314236947065,0.1295456769289682,0.12461543482588036,0.12830436131563921,0.12770626689161443
ishoboy,0.048086461369946674,0.04871734565760736,0.048739597855459366,0.04838406921654637,0.047793822943991406,0.04729744625805889,0.046851069546617406,0.046631500302532373,0.04686231491351947,0.046555833460981376,0.04478956855526555,0.0436575121174941,0.042779202329865214,0.042627626833895274,0.042911016451909256,0.04251610805875437,0.04217366311750766,0.04217584394880438,0.04139327635234871,0.03857805560304325,0.03195709916170527,0.027368806402339373,0.027973948476296473,0.027679587881727898,0.0269445317722652,0.02739888048468296,0.028210242268550564,0.028427806642491515,0.027457010769122138,0.02701467836679886,0.027508446273603396,0.02693624913417882,0.026285496429284568,0.02573698399078484,0.02590691246619883,0.025342059038439977,0.02437759237762842,0.02509922968045554,0.032260135596249635
blackhawk,0.0001413744811069105,9.034245207611754e-05,8.85424788813604e-05,0.00011730107721254039,0.0001644260538689145,0.0002044522800292293,0.00024054271520451795,0.00025757954957805176,0.00023826059235210453,0.00026144943372207943,0.0004042469564453285,0.0004959003624649105,0.000566067526395615,0.0005789741233435433,0.0005566060405107476,0.0005885298741596166,0.0006163310880398793,0.0006161867831988415,0.00067912802255586,0.0009065710551893142,0.0014428690422102184,0.001814090790667467,0.0017649048111981105,0.0017889134755382885,0.0018481221345386693,0.0018109591659305512,0.0017455126620356963,0.0017297600658004641,0.001809436500447505,0.0018451935213304345,0.0018052417265158169,0.001851506692994007,0.0019041199198524363,0.0019484407692110706,0.001934728149650539,0.0019804268135388786,0.0020584669757235537,0.002000032648239603,0.0019961894336785516
santiago02,7.407178226966102e-05,4.733404775384428e-05,4.639096933170349e-05,6.145875679439911e-05,8.614942927661408e-05,0.00010712078058421663,0.00012603001254312795,0.00013495629596005064,0.00012483431650440113,0.0001369838840613889,0.0002118012551243087,0.0002598221644270377,0.0002965855664813614,0.00030334785223112316,0.00029162831311481245,0.00030835449479015806,0.0003229206699955249,0.0003228450628797137,0.00035582251214023516,0.0004749890736021759,0.0007559771799084995,0.0009504751990007451,0.0009247046841705683,0.0009372837899870289,0.0009683055901281608,0.0009488344147244959,0.0009145443565127579,0.0009062909371588391,0.0009480366289766958,0.0009667711717648611,0.0009458388180358124,0.0009700788965623902,0.0009976450842778008,0.0010208665615769222,0.001013681968130625,0.0010376253379315136,0.0010785137207313831,0.001047897624045645,0.0010458840092125229
fabio90,0.0026890985697837627,0.0027243789790156988,0.0027256233698840144,0.002705741442056911,0.0026727335982245975,0.0026449751440113423,0.002620012796146164,0.0026077340107372093,0.002620641661302624,0.0026035025578584163,0.0025047292171611495,0.0024414221810225268,0.0023923052045087163,0.0023838287760543286,0.0023996765343376873,0.0023775924057706367,0.0023584421465188353,0.002358564103305712,0.0023148012364938224,0.002157368024007235,0.001787109868389861,0.0015305226472583987,0.0015643634964128978,0.0015479022174727558,0.001506796295424137,0.0015322044547674918,0.0015775775546050938,0.00158974422335411,0.001535455225572686,0.001510719044190873,0.0015383316098520894,0.0015063331124491872,0.0014699416184993388,0.0014392676206243342,0.001448770387248931,0.0014171825660316874,0.0013632475114590625,0.0014036030249164916,0.0013970600895545232
MariaEstrada,0.0007584165617634466,0.00048465049242538865,0.0004749943686967952,0.0006292725460361379,0.0008820788692783242,0.0010968032847965378,0.0012904137832675452,0.0013818094668997109,0.0012781711228262993,0.0014025698205643647,0.002168620421522577,0.0026603036483894855,0.0030367219298244067,0.0031059605703815532,0.0029859649082050097,0.0031572232849977366,0.003306365484345398,0.0033055913475950535,0.0036432454841303545,0.0048633848010447706,0.007740405266212512,0.009731858885793645,0.009467996121141607,0.009596792835505076,0.009914423197322178,0.00971505899342899,0.00936396513211297,0.009279458863499061,0.009706890512729178,0.00989871237919762,0.0096843872575608,0.009932579976160105,0.010214828528408193,0.0104525918497787,0.010379029225898907,0.010624183961548605,0.011042837674864832,0.010729361286535434,0.010708744004330821
FrankArmoton,0.10117979626831529,0.10250725397420261,0.1025540753201916,0.10180599957853909,0.1005640492269466,0.09951961196697424,0.09858038076892238,0.09811838022343836,0.09860404239632639,0.09795916793386071,0.0942427305370367,0.0918607453280037,0.09001267410710287,0.0896937407240968,0.09029002714231786,0.08945909158112825,0.08873854553965738,0.08874313427544726,0.08709651633518319,0.0811729475436754,0.06724164536940794,0.05758731620094531,0.0588606091406215,0.05824123844584872,0.056694590485437596,0.05765059574861405,0.05935780018106431,0.05981558223454572,0.05777290897709901,0.05684218750009894,0.057881135569701314,0.05667716280183874,0.055307899515948326,0.05415376225575216,0.05451131255229609,0.05332279185200145,0.05129343603191434,0.052811849181884606,0.05256566524710457
romel,0.0004429270761640388,0.0002830434307398391,0.00027740410419317273,0.00036750496096500277,0.0005151477884489942,0.0006405501891104118,0.0007536217335965052,0.0008069982353320185,0.0007464718293524552,0.0008191226049890256,0.0012665080788599882,0.0015536587359720703,0.0017734928709532425,0.0018139293146778388,0.0017438499803386167,0.0018438675378732595,0.0019309689035609172,0.0019305167956499508,0.002127712066679543,0.0028402924181648694,0.004520517148144215,0.00568355705722321,0.005529457095871971,0.00560467638166908,0.005790177456610607,0.005673745658606539,0.005468701379127379,0.005419348402990281,0.00566897513874255,0.005781002094300644,0.0056558328874806215,0.005800781298046427,0.005965618845512553,0.006104476325772243,0.0060615146084881805,0.006204688789727852,0.006449189074285473,0.006266113984513751,0.006254073170816191
Criptonaut,0.0017124964277693167,0.0017349640217276848,0.00173575648613962,0.0017230950944139086,0.0017020747364075639,0.0016843973428695427,0.001668500591434622,0.0016606811026340046,0.0016689010711143511,0.001657986389981731,0.0015950846447636252,0.0015547688770717134,0.0015234897533654024,0.0015180917164129867,0.0015281840312702237,0.0015141202138607662,0.0015019247700313483,0.0015020024356715055,0.0014741329652376521,0.0013738749021733412,0.0011380837058327046,0.0009746814770946862,0.0009962323171943928,0.0009857492944825201,0.0009595718439943128,0.0009757525011857626,0.001004647414991381,0.0010123955046317762,0.000977822686880681,0.0009620699648611177,0.0009796544523126807,0.0009592768755617989,0.0009361017104374814,0.000916567613630248,0.0009226192526744265,0.0009025032065006724,0.0008681557901117708,0.0008938553585147992,0.0008896886263762307
Genesis,0.0008841237057223946,0.000895723223307966,0.000896132355006679,0.0008895955608910145,0.0008787432189445914,0.0008696167749830664,0.0008614096368193405,0.0008573726091776174,0.0008616163955446534,0.0008559813891450661,0.0008235066212116354,0.0008026924896591126,0.0007865437758197526,0.0007837568897529519,0.0007889673267887362,0.0007817064915758713,0.0007754102559653602,0.0007754503530029187,0.0007610619670904324,0.0007093009655446187,0.0005875672305686283,0.0005032063048157274,0.0005143325228337133,0.0005089203720479359,0.0004954055382902119,0.0005037592506630679,0.0005186770501142641,0.0005226772159622352,0.0005048280413585959,0.0004966952623692157,0.0005057737409907191,0.0004952532526682412,0.0004832884318731813,0.0004732034134304582,0.00047632773967760993,0.00046594227375825105,0.0004482094688499792,0.00046147758274703917,0.00045932639188943104
carlos-garcia,0.0010889244634952025,0.0011032109240684445,0.001103714828117885,0.0010956638336933407,0.0010822976265040202,0.0010710571088817689,0.001060948847488117,0.0010559766720669333,0.0010612035003523905,0.0010542631861398572,0.0010142658769169942,0.0009886303047824017,0.0009687408600815672,0.0009653084123421033,0.0009717258088184607,0.0009627830544985369,0.0009550283421886648,0.0009550777274102447,0.0009373563776614399,0.0008736053205713053,0.0007236728606790699,0.0006197703465615714,0.0006334738712013351,0.0006268080354674741,0.0006101625898091294,0.0006204513782500783,0.0006388247762924372,0.0006437515511562949,0.0006217677464541924,0.0006117510689910541,0.000622932510454832,0.0006099750283421886,0.000595238644756103,0.0005828175059199844,0.0005866655593772591,0.0005738743766149496,0.0005520338977927834,0.0005683754727482294,0.0005657259743405573
Mayerling,0.0031809872258303272,0.003222721111062314,0.0032241931253278117,0.0032006744045365606,0.0031616287813070504,0.0031287927635971226,0.0030992643147042098,0.0030847394995957263,0.003100008211581754,0.003079734031330119,0.002962893117225636,0.0028880059875662977,0.0028299045566193455,0.0028198776238259372,0.0028386242466622524,0.0028125004995989264,0.002789847283857483,0.002789991548922928,0.0027382235989271307,0.0025519927766477018,0.002114007171912851,0.0018104851359779185,0.0018505161374745905,0.001831043769069132,0.0017824187709333632,0.0018124745789320908,0.0018661473050275651,0.0018805394951489716,0.001816319979216639,0.0017870590670747324,0.0018197225103667326,0.001781870862744689,0.001738822653696458,0.0017025377824381384,0.0017137787907011118,0.0016764129399610458,0.0016126121103641684,0.0016603494355192773,0.0016526096694728697
Kilgore,0.9791022980347902,0.9919479148309696,0.9924009982443155,0.9851619771672843,0.9731438027081791,0.9630369339546558,0.9539481290912829,0.9494774164346061,0.9541770992475884,0.9479367420672901,0.9119733133005106,0.8889231859226654,0.8710396672158521,0.8679533948597273,0.8737235725424234,0.8656827289403856,0.8587101088021404,0.8587545133366686,0.8428204289763629,0.7854989079787105,0.6506877057771322,0.5572641545993942,0.5695856267636827,0.5635920658656228,0.5486253765843601,0.5578765016570693,0.5743968727654926,0.5788267636833803,0.5590601091311552,0.5500536516112712,0.5601074022611432,0.5484567314033022,0.5352065680379328,0.5240381482013382,0.5274981108610853,0.515996967432861,0.4963591838015475,0.5110526488937251,0.508670362457378
Noe,0.04034485139148214,0.03875714899748033,0.03870114844636114,0.03959588252387547,0.04105650170528736,0.042300673518776484,0.0434233647072391,0.04394695605194549,0.043340124633023655,0.04404728444500024,0.04848931438381878,0.051341552945899455,0.053516746723615435,0.05392405317958164,0.05323309107783897,0.05422612162275261,0.055091969889455965,0.05508776655791218,0.05704277303695393,0.06411646310657161,0.08080821999121432,0.09235830628634333,0.09082593142487455,0.09157465112784738,0.09341451634715175,0.09225464285382942,0.09022012243501354,0.08974649198104966,0.09223562230573233,0.09334788442422544,0.092104810273656,0.09354402312945857,0.09518068813781963,0.0965591637679527,0.0961328312367593,0.09755467261301776,0.09998286962544682,0.09816432103080391,0.09792608513473237
charingane,0.0014326079938529106,0.0009154786494363514,0.0008972387523393647,0.001188661911163178,0.0016661994252849782,0.002071802268966988,0.0024375220617395576,0.002610163580367062,0.002414396336249894,0.0026493787691098322,0.004096407051399454,0.005025170157014004,0.005736203995413014,0.0058669920543064505,0.00564032671822508,0.005963824558300016,0.006245546131612528,0.006244083829030026,0.006881894287748424,0.00918667167151424,0.014621208210766774,0.01838295672554815,0.017884534189729975,0.01812782423886876,0.018727810866760335,0.018351222634666077,0.01768802526046251,0.01752839747534997,0.018335792815041656,0.018698133978398514,0.018293285379329845,0.018762108043031578,0.0192952603403177,0.019744382434972917,0.019605426604717913,0.020068510682425853,0.02085932497445354,0.020267184978511696,0.020228240044043003
Maiker-Mu-oz,0.003181560148535167,0.003223301550392878,0.003224773829780596,0.0032012508730688036,0.003162198217392294,0.003129356285637842,0.003099822518421526,0.0030852950872709874,0.00310056654928119,0.0030802887174782075,0.0029634267593368294,0.002888526141872028,0.0028304142463659284,0.002820385507637114,0.0028391355068987647,0.0028130070547276328,0.0027903497589504287,0.002790494049999232,0.002738716776157776,0.0025524524121320748,0.0021143879224852355,0.0018108112196643772,0.0018508494310830095,0.0018313735555392997,0.001782739799630086,0.0018128010209340526,0.0018664834139414722,0.0018808781962180515,0.0018166471138077172,0.001787380931528039,0.0018200502577824503,0.0017821917927585127,0.0017391358303637213,0.0017028444238931827,0.001714087456756823,0.0016767148761109906,0.001612902555445062,0.0016606484784962034,0.0016529073184524663
Kitty,1.6733429880858126,1.6952968971274602,1.6960712431322265,1.683699333491968,1.6631595717110996,1.6458863429645656,1.630353044841651,1.6227123359077509,1.6307443682062308,1.6200792334682546,1.558615634133228,1.519221620760346,1.488657643236841,1.4833830236012724,1.4932445941284063,1.4795023229818967,1.4675857080987151,1.4676615980405947,1.440429317624746,1.3424634917653246,1.1120632768212741,0.9523969737198292,0.9734550889856093,0.9632117435021352,0.9376327977536386,0.9534435105906875,0.98167778928694,0.9892487314860452,0.9554663648638142,0.940073803158423,0.9572562499647411,0.9373445732935755,0.9146992705474425,0.8956117890257722,0.9015250672065581,0.8818689416421338,0.8483068229473236,0.8734188126056356,0.869347346006206
Yessire,0.02491206881590936,0.0250894493904044,0.025095705858850306,0.024995744779690025,0.024828038322038587,0.02468812140808517,0.024562569743623253,0.024498789052655585,0.02456185279725935,0.024471153614050282,0.023974335171391133,0.023656275071487244,0.023406843701178206,0.023366051245343716,0.02344729864298443,0.023336208449583475,0.023240211300626555,0.023240915188543418,0.023019868540587858,0.0222275467023305,0.020368052179929826,0.01907821480719658,0.019247690057812506,0.01916548645526347,0.018958110808539257,0.019084695250284237,0.019313340024329557,0.019379728027526112,0.019110024603919026,0.01898559232146756,0.019124389731354174,0.01896345356663401,0.018780413409965172,0.01862605658882264,0.018673926797446068,0.018515133764362937,0.0182440325391766,0.01844675611492049,0.018376252745641364
Arnaldo,0.00016940307806608993,0.00010825355001769438,0.00010609671805452187,0.0001405569335051735,0.00019702480547808916,0.00024498654413019553,0.00028823219044181783,0.00030864671052197474,0.0002854976188791363,0.0003132838294745931,0.0004843920782909941,0.0005942164891280312,0.0006782948422789114,0.0006937602730498584,0.0006669575427929928,0.0007052105262271006,0.0007385235482690962,0.0007383506338643164,0.0008137704663608919,0.0010863058596731856,0.0017289291184866768,0.002173748482924717,0.002114810998206358,0.002143579568089957,0.0022145268069713856,0.0021699959890826336,0.002091574203753012,0.0020726985320696435,0.002168171443254607,0.0022110175732818573,0.0021631450225720653,0.0022185823806204607,0.002281626591336731,0.002334734395836316,0.0023183031421636917,0.002373061923703184,0.0024665741586083175,0.0023965547685246336,0.002391949606608473
Yudimar,0.009632943432353757,0.009631275969087102,0.009631217155255079,0.009632156837788352,0.009632216095708664,0.009633224124425544,0.009634363163177739,0.009633190422125442,0.009631010369772592,0.009627940816552657,0.00963242736525368,0.009635617319228441,0.009635810421768533,0.009637774422230171,0.009638369689816148,0.009639364594347706,0.00964051412025668,0.009640586081371274,0.009641781841240751,0.009648546445297218,0.009667815740299653,0.009680127377817134,0.009677955992575807,0.009679213231914601,0.009680551222093,0.009678355611601071,0.009676657344728933,0.009680552129445642,0.009685900117798298,0.009687013282849662,0.009685681432655887,0.009687145654208501,0.0096888027955539,0.009690135971648427,0.009689766354851215,0.009691278301394768,0.009693887393970084,0.00969183160699402,0.009659921027618885
Gerson-Rodr-guez,0.00027321189882866323,0.00017459044010840978,0.00017111191915802427,0.00022668907280126705,0.0003177599948922771,0.0003951122947315625,0.00046485851941504533,0.0004977828904385728,0.0004604482247636601,0.0005052615979603157,0.000781223582229208,0.0009583474938196458,0.0010939483741399965,0.0011188908944021441,0.0010756636702520977,0.001137357769079609,0.0011910847385757828,0.001190805863637948,0.0013124423526614246,0.0017519852060434568,0.0027884027421132595,0.0035058037750889596,0.00341074988176002,0.003457147595982289,0.003571570722602714,0.003499751783710512,0.003373273769709604,0.0033428312407948256,0.0034968091711212617,0.0035659110592087843,0.003488702600953433,0.003578111518615115,0.0036797887060463063,0.0037654405387969035,0.0037389403472579885,0.003827254862275903,0.003978070629933774,0.003865143930265868,0.003857716762791161
walmich-discord,0.0006705041438396534,0.0004284718713546609,0.00041993504436555075,0.0005563299524217951,0.000779832043315774,0.000969666519047352,0.001140834513076683,0.0012216359982946958,0.0011300109696952064,0.0012399899001759532,0.0019172431778984732,0.002351932579068937,0.002684718056395891,0.0027459308486105618,0.0026398445725605265,0.002791251407664151,0.002923105678424601,0.002922421276309492,0.003220935983326312,0.0042996419469072756,0.006843170452298933,0.008603783249425725,0.00837050633272337,0.00848437348047241,0.008765185483459871,0.008588930729037235,0.008278534172899683,0.008203823511051391,0.008581709103832528,0.008751295796463672,0.008561814330167254,0.008781237605820308,0.009030769107921279,0.009240971917655974,0.009175936359850602,0.00939267380259952,0.009762798960414763,0.009485659419999098,0.009467432005343541
SurFlowCrypto-ypvqy-wam,0.041825732542597915,0.04237447738115064,0.04239383240227983,0.04208459264250614,0.04157119485803996,0.04113944509075161,0.040751185434829744,0.040560203519836496,0.040760966684998484,0.04049438829894289,0.038958086366107834,0.03797342065271544,0.03720946445339586,0.0370776236821302,0.037324116728836475,0.03698062435363653,0.036682764829040655,0.03668466172192772,0.036003982336226134,0.03355529580878676,0.02779637021097456,0.023805460913158844,0.02433181510547255,0.024075779474054683,0.02343642570664679,0.02383161943031172,0.02453734407713593,0.024726582150722667,0.023882181306987837,0.023497439401939674,0.023926920046174232,0.023429221445915627,0.02286319500498292,0.022386097420852593,0.022533901662661057,0.022042590642424975,0.0212036949646788,0.021831377018232293,0.02172960943426634
Erick-Hern-ndez,0.0038157842666950337,0.0037621440071794877,0.003760252037937396,0.0037904804789201563,0.0038394500966221173,0.0038814078557611524,0.003919327546290533,0.00393657643678267,0.0039156801920472595,0.0039385965071979355,0.004088624060105558,0.004185036186404292,0.004257989887738833,0.00427214355178498,0.004249137336941341,0.004282674428646879,0.004311988392248508,0.004311865916071409,0.004377696191635165,0.004616509697777989,0.005180882649471645,0.005571146750841609,0.00551923198668003,0.005544647788413165,0.005606655336582899,0.0055672192221288795,0.0054985954246657654,0.005483717184266845,0.005568511194170701,0.005606074724421654,0.00556407093911173,0.005612682409612125,0.005667961072074234,0.005714503344939339,0.0057001197539492685,0.005748161203200011,0.0058302124988571105,0.005768735830892164,0.0057525900902175246
yelimar-labrador,0.003840615669732586,0.003766560683260185,0.003763948657183229,0.0038056816168720482,0.0038735078720791532,0.003931478611816575,0.003983835963455976,0.00400790592526282,0.003979286475615631,0.0040114918077655964,0.004218644320153916,0.004351720605684335,0.0044527507239394745,0.004472062429628321,0.004440103772718122,0.004486411754870996,0.004526846452997074,0.00452666599683223,0.004617677966767349,0.00494747942025194,0.005726385942935217,0.006265152076710034,0.006193562933782061,0.006228581544684885,0.006314276744524275,0.0062599772810904685,0.006165170975376246,0.006143976576704377,0.00626063510799393,0.006312502970478912,0.006254517054852458,0.006321636404804632,0.006397962536938147,0.006462235191912916,0.006442365779984585,0.006508688348183794,0.0066219584428681075,0.006537106333284232,0.006519527888737326
Mr-Pandax-discord,0.0008901894870101813,0.0005688572678690443,0.0005575234174999585,0.000738607031000228,0.0010353378021171233,0.0012873700320756491,0.0015146198562526803,0.0016218953046398938,0.0015002500650755305,0.0016462627163112808,0.0025454126371743345,0.003122524558990042,0.003564344547826626,0.0036456132239424737,0.0035047686243625123,0.003705782703259782,0.0038808379758136467,0.0038799293347957574,0.00427625000834531,0.0057083853906205895,0.00908528075541918,0.011422744314887745,0.011113036074128165,0.011264210886056355,0.01163702870557678,0.011403025484471984,0.010990929968558376,0.010891740953313713,0.011393437751278353,0.011618588173246774,0.011367024613453647,0.011658340177997566,0.011989628689618255,0.01226870277601283,0.012182358835603074,0.012470108575480443,0.012961502293762826,0.012593560189930197,0.01256936070801673
Yuviry,0.0017450104449053744,0.0011151130052386965,0.0010928956149373625,0.0014478681253637456,0.002029540120460994,0.0025235909715978044,0.002969061652366801,0.003179350338819749,0.0029408930028139353,0.003227117009289756,0.0049896923107703986,0.006120986654438945,0.00698707247834286,0.007146380907318009,0.006870287669909626,0.007264329244616245,0.007607484587944578,0.007605703407544198,0.00838259835515662,0.011189968288250798,0.017809590030490815,0.02239164630657408,0.02178453498602379,0.022080878213696933,0.022811701255985396,0.022352992103689264,0.021545174228886962,0.021350737122914,0.022334197571951934,0.02277555286062122,0.02228242072886469,0.022853477464886144,0.023502891911463007,0.024049952063000594,0.02388069475310429,0.024444761515217236,0.02540802516130188,0.024686759831080055,0.024639322348031217
Dalas-Katski,4.301376424624149e-05,2.748706063925952e-05,2.693941143098205e-05,3.568933262598379e-05,5.002729956411902e-05,6.220544262251554e-05,7.318610517221692e-05,7.836963172883273e-05,7.249175995810124e-05,7.954705981152606e-05,0.00012299379029126695,0.0001508797140309979,0.00017222836071398957,0.0001761552456368748,0.0001693496649261474,0.00017906262191567842,0.00018752125497478503,0.00018747734963654164,0.0002066274792064015,0.0002758279523649722,0.00043899880893565985,0.000551944544588918,0.0005369795091132761,0.0005442842434593185,0.0005622987201855146,0.0005509917349510914,0.000531079368396443,0.0005262865765472825,0.0005505284577485805,0.0005614076776358185,0.0005492521806188525,0.0005633284859419344,0.0005793362754567274,0.0005928210751927123,0.0005886489545924672,0.0006025529600358171,0.000626296998646375,0.0006085181154518785,0.0006073488016989121
JuanSaez,0.020815091832692423,0.021088181471841192,0.021097813736902355,0.020943916755147087,0.020688418013565437,0.020473552415080157,0.020280330207083863,0.020185285700812055,0.020285197966908357,0.020152531944126643,0.01938797233283625,0.01889794129206746,0.01851774906402229,0.01845213687759154,0.018574807183439398,0.018403863965019144,0.01825563049770591,0.01825657450985443,0.017917826015549657,0.016699206954037305,0.013833206578454682,0.011847081327800065,0.012109027985599164,0.01198160869473614,0.011663426404237839,0.011860099436596837,0.01221131201409992,0.012305488676180806,0.011885262178341403,0.011693790622468322,0.01190752696387015,0.01165984111500105,0.011378151073212852,0.011140717574188913,0.011214274178687622,0.010969767187824704,0.010552280403760581,0.010864654121857269,0.010814008228119837
coro,0.0006716199679472508,0.00042918491578231645,0.00042063388217353903,0.0005572557727592144,0.0007811298062033016,0.0009712801962903992,0.001142733040720644,0.0012236689922890355,0.0011318914852646025,0.0012420534379430283,0.0019204337713909678,0.002355846563934325,0.002689185848514629,0.0027505005084207585,0.002644237688160834,0.002795896487996095,0.00292797018495302,0.0029272846438853986,0.003226296126216171,0.004306797225785824,0.006854558561728572,0.008618101294816577,0.00838443616872015,0.008498492809270524,0.008779772127494609,0.008603224057503574,0.008292310952790692,0.008217475960677852,0.008595990414381345,0.008765859325879746,0.0085760625326909,0.008795850963105475,0.00904579772478121,0.009256350344975307,0.009191206557796682,0.009408304685659721,0.009779045789815807,0.009501445045717502,0.009483187297783802
Ysabel,9.860545517040088e-05,6.301178641595916e-05,6.175634643291633e-05,8.181480858468385e-05,0.00011468339799851364,0.00014260077190071454,0.0001677730219411302,0.00017965582281800581,0.0001661812936401306,0.00018235497817115618,0.00028195297220151843,0.00034587911889870105,0.0003948191049784452,0.0004038211600649567,0.0003882199357722279,0.00041048607689673816,0.00042987678537176983,0.0004297761360578171,0.00047367620562620397,0.0006323124996911718,0.0010063680343472144,0.0012652866821058427,0.0012309805905424708,0.001247726082775304,0.0012890227632302905,0.0012631024457416228,0.0012174550116691085,0.0012064679374126453,0.0012620404215216046,0.0012869801227469797,0.0012591146629997519,0.0012913834150567473,0.0013280799329978864,0.001358992707993269,0.0013494284706375738,0.001381302239638227,0.0014357334612670619,0.0013949768592691817,0.001445683080503506
--Musashi13,0.0019227649279193644,0.001228703348681672,0.0012042227967250807,0.0015953543772929844,0.002236278054850984,0.002780655111130485,0.0032715034059929474,0.003503213028265086,0.0032404653731919236,0.00355584542308619,0.005497964441570148,0.006744497431392677,0.0076988065884710435,0.007874342878726293,0.007570125562850375,0.00800430595540905,0.00838241661996477,0.008380454000649715,0.009236486904239538,0.01232982795718752,0.01962375365214906,0.02467255844935098,0.02400360408411782,0.02433013414384319,0.025135402054032568,0.024629966758372517,0.023739860981440937,0.023525617651756325,0.024609257732494356,0.0250955714232133,0.024552206671134127,0.025181433772370018,0.025897000447175716,0.02649978656568274,0.026313287957486595,0.026934813055151337,0.02799619899724621,0.027201462389953347,0.0271491927150403
jasonschiprett-discord,1.0120174398140798,1.0252948963668784,1.025763211390668,1.0182808312636458,1.005858633734588,0.9954119955630636,0.9860176462215675,0.981396638604656,0.9862543138219227,0.9798041703488588,0.9426317347611334,0.9188067157175294,0.9003219947104776,0.8971319690566889,0.9030961266911213,0.8947849686309135,0.8875779452225666,0.8876238425342566,0.8711540913218813,0.8119055541233381,0.6725623128868115,0.5759980792301209,0.5887337706277124,0.5825387201538254,0.5670688855928016,0.5766310119715002,0.593706759528709,0.5982855730749285,0.5778544095756868,0.5685451759038203,0.5789369102646063,0.5668945709530404,0.5531989679164077,0.5416550917836631,0.5452313703398443,0.5333435852222647,0.5130456249845299,0.5282330501947757,0.5257706768298526
